,labels,samples_per_cluster,silhouette_score
cluster_2,"[1 1 0 0 0 1 0 0 0 1 1 1 0 0 1 0 0 1 1 1 1 1 1 1 1 1 1 1 1 1 1 1 1 1 1 1 1
 1 1 1 1 1 1 1 1 1 1 1 1 1 1 1 0 1 0 0 0 1 1 1 1 1 0 1 0 1 1 1 1 1 1 1 0 1
 1 1 1 1 1 1 1 1 1 1 1 1 1 1 1 1 1 1 1 1 1 1 1 1 1 1 1 1 1 1 1 1 1 1 1 1 1
 1 1 1 1 1 1 1 1 1 1 1 1 1 1 1 1 1 1 1 1 1 1 1 1 1 1 1 1 1 1 1 1 1 1 1 1 1
 1 1 1 1 1 1 1 1 1 1 1 1 1 1 1 1 1 1 1 1 1 1 1 1 1 1 1 1 1 1 1 1 1 1 1 1 1
 1 1 1 1 1]","{1: 173, 0: 17}",0.7395297507551528
cluster_3,"[0 0 1 1 1 0 1 1 1 0 0 0 1 1 0 1 1 0 0 0 0 0 0 0 0 0 0 0 0 0 0 0 0 0 0 0 0
 0 0 0 0 0 0 0 0 0 0 0 0 0 0 0 1 0 1 1 1 0 0 0 0 0 2 0 1 0 0 0 0 0 0 0 2 0
 0 0 0 0 0 0 0 0 0 0 0 0 0 0 0 0 0 0 0 0 0 0 0 0 0 0 0 0 0 0 0 0 0 0 0 0 0
 0 0 0 0 0 0 0 0 0 0 0 0 0 0 0 0 0 0 0 0 0 0 0 0 0 0 0 0 0 0 0 0 0 0 0 0 0
 0 0 0 0 0 0 0 0 0 0 0 0 0 0 0 0 0 0 0 0 0 0 0 0 0 0 0 0 0 0 0 0 0 0 0 0 0
 0 0 0 0 0]","{0: 173, 1: 15, 2: 2}",0.7089543471301774
cluster_4,"[0 3 1 1 1 0 1 1 1 0 0 0 1 1 0 1 1 0 0 0 0 0 0 0 0 0 0 0 0 0 0 0 0 0 0 0 0
 0 0 0 0 0 0 0 0 0 0 0 0 0 0 0 1 0 1 1 1 0 0 0 0 0 2 0 1 0 0 0 0 0 0 0 2 0
 0 0 0 0 0 0 0 0 0 0 0 0 0 0 0 0 0 0 0 0 0 0 0 0 0 3 3 3 0 0 0 3 3 0 0 0 0
 0 0 0 0 0 0 0 0 0 0 0 3 3 3 0 0 0 3 3 0 0 0 0 0 0 0 0 0 0 0 0 0 0 0 0 0 0
 0 3 0 0 0 0 0 0 0 0 0 0 0 0 0 0 3 3 3 3 0 0 0 0 0 0 0 0 0 0 0 0 0 0 0 0 0
 0 0 0 0 0]","{0: 157, 3: 16, 1: 15, 2: 2}",0.6244047368479189
cluster_5,"[0 3 1 1 1 0 1 1 1 0 0 0 1 1 0 1 1 0 0 0 0 0 0 0 0 0 0 0 0 0 0 0 0 0 0 0 0
 0 0 0 0 0 0 0 0 0 0 0 0 0 0 0 1 0 1 1 1 0 0 0 0 0 2 0 1 0 0 0 0 0 0 0 2 0
 0 0 4 0 0 0 0 0 0 0 0 0 0 0 0 0 0 0 0 0 0 0 0 0 0 3 3 3 0 0 0 3 3 0 0 0 0
 0 0 0 4 0 0 0 0 0 0 0 3 3 3 0 0 0 3 3 0 0 0 0 0 0 0 0 0 0 0 0 0 4 0 0 0 0
 0 3 0 0 0 0 0 0 0 0 0 0 0 0 0 0 3 3 3 3 0 0 0 0 0 0 0 0 0 0 0 0 0 0 0 0 0
 0 0 0 0 0]","{0: 154, 3: 16, 1: 15, 4: 3, 2: 2}",0.6384611938298376
cluster_6,"[3 1 0 0 0 5 0 0 0 5 5 3 0 0 5 0 0 3 3 3 3 3 5 3 3 3 5 3 3 3 3 3 5 5 3 5 3
 3 3 3 3 3 5 5 5 5 3 3 3 5 5 3 0 5 0 0 0 3 3 3 3 3 2 5 0 3 5 5 3 3 3 3 2 3
 5 3 4 3 5 5 5 5 5 3 3 3 3 3 3 3 3 3 3 3 3 3 3 3 3 1 1 1 3 3 3 1 1 3 3 3 3
 3 3 3 4 3 3 3 3 3 3 3 1 1 1 3 3 3 1 1 3 3 3 3 3 3 3 3 3 3 3 3 3 4 3 3 3 3
 3 1 3 3 3 3 3 3 3 3 3 3 3 3 3 3 1 1 1 1 3 3 3 3 3 3 3 3 3 3 3 3 3 3 3 3 3
 3 3 3 3 3]","{3: 129, 5: 25, 1: 16, 0: 15, 4: 3, 2: 2}",0.6120112747342631
cluster_7,"[1 0 6 6 6 5 6 3 3 5 5 1 3 3 5 3 3 1 1 1 1 1 5 1 1 1 5 1 1 1 1 1 5 5 1 5 1
 1 1 1 1 1 5 5 5 5 1 1 1 5 5 1 6 5 6 6 6 1 1 1 1 1 2 5 3 1 5 5 1 1 1 1 2 1
 5 1 4 1 5 5 5 5 5 1 1 1 1 1 1 1 1 1 1 1 1 1 1 1 1 0 0 0 1 1 1 0 0 1 1 1 1
 1 1 1 4 1 1 1 1 1 1 1 0 0 0 1 1 1 0 0 1 1 1 1 1 1 1 1 1 1 1 1 1 4 1 1 1 1
 1 0 1 1 1 1 1 1 1 1 1 1 1 1 1 1 0 0 0 0 1 1 1 1 1 1 1 1 1 1 1 1 1 1 1 1 1
 1 1 1 1 1]","{1: 129, 5: 25, 0: 16, 6: 8, 3: 7, 4: 3, 2: 2}",0.6262044327762938
cluster_8,"[1 0 6 6 6 5 6 3 3 5 5 1 3 3 5 3 3 1 1 1 1 1 5 1 1 1 5 1 1 1 1 1 5 5 1 5 1
 1 1 1 1 1 5 5 5 5 1 1 1 5 5 1 6 5 6 6 6 1 1 1 1 1 2 5 3 1 5 5 1 1 1 1 2 1
 5 1 4 1 5 5 5 5 5 1 1 1 1 1 1 1 1 1 1 1 1 1 1 1 1 0 7 7 1 1 1 7 7 1 1 1 1
 1 1 1 4 1 1 1 1 1 1 1 7 7 7 1 1 1 7 7 1 1 1 1 1 1 1 1 1 1 1 1 1 4 1 1 1 1
 1 0 1 1 1 1 1 1 1 1 1 1 1 1 1 1 7 7 7 7 1 1 1 1 1 1 1 1 1 1 1 1 1 1 1 1 1
 1 1 1 1 1]","{1: 129, 5: 25, 7: 13, 6: 8, 3: 7, 0: 3, 4: 3, 2: 2}",0.6226690398064133
cluster_9,"[0 8 6 6 6 5 6 1 1 5 5 0 1 1 5 1 1 0 0 0 0 0 5 0 0 0 5 0 0 0 0 0 5 5 0 5 0
 0 0 0 0 0 5 5 5 5 0 0 0 5 5 0 6 5 6 6 6 0 0 0 0 0 2 5 1 0 5 5 0 0 0 0 2 0
 5 0 4 0 5 5 5 5 5 0 0 0 0 0 0 0 0 0 0 0 0 0 0 0 0 7 3 3 0 0 0 3 3 0 0 0 0
 0 0 0 4 0 0 0 0 0 0 0 3 3 3 0 0 0 3 3 0 0 0 0 0 0 0 0 0 0 0 0 0 4 0 0 0 0
 0 7 0 0 0 0 0 0 0 0 0 0 0 0 0 0 3 3 3 3 0 0 0 0 0 0 0 0 0 0 0 0 0 0 0 0 0
 0 0 0 0 0]","{0: 129, 5: 25, 3: 13, 6: 8, 1: 7, 4: 3, 2: 2, 7: 2, 8: 1}",0.6195202067864618
cluster_10,"[5 8 6 6 6 2 6 1 1 2 2 5 1 1 2 1 1 9 5 9 5 9 2 5 5 5 2 5 5 5 5 5 2 2 5 2 5
 5 5 5 5 5 2 2 2 2 5 5 5 2 2 5 6 2 6 6 6 5 5 5 5 5 0 2 1 5 2 2 5 5 9 9 0 5
 2 5 4 5 2 2 2 2 2 5 5 5 5 5 5 5 5 5 5 5 5 5 5 5 5 7 3 3 5 5 9 3 3 5 5 5 5
 5 5 5 4 5 5 5 5 5 9 5 3 3 3 5 5 5 3 3 5 5 5 5 9 5 5 5 5 5 5 5 5 4 5 5 5 5
 9 7 5 5 9 5 5 5 5 5 5 5 5 5 5 5 3 3 3 3 5 5 5 5 5 5 5 5 5 5 5 5 5 5 5 5 5
 5 5 5 5 5]","{5: 119, 2: 25, 3: 13, 9: 10, 6: 8, 1: 7, 4: 3, 0: 2, 7: 2, 8: 1}",0.6461895237222129
cluster_11,"[ 2  8  6  6  6  0  6  1  1  0  0  2  1  1  0  1  1  9  2  9  2  9  0  2
  2  2  0  2  2  2  2  2  0  0  2  0  2  2  2  2  2  2  0  0  0  0  2  2
  2  0  0  2  6  0  6  6  6  2  2  2  2  2 10  0  1  2  0  0  2  2  9  9
  5  2  0  2  4  2  0  0  0  0  0  2  2  2  2  2  2  2  2  2  2  2  2  2
  2  2  2  7  3  3  2  2  9  3  3  2  2  2  2  2  2  2  4  2  2  2  2  2
  9  2  3  3  3  2  2  2  3  3  2  2  2  2  9  2  2  2  2  2  2  2  2  4
  2  2  2  2  9  7  2  2  9  2  2  2  2  2  2  2  2  2  2  2  3  3  3  3
  2  2  2  2  2  2  2  2  2  2  2  2  2  2  2  2  2  2  2  2  2  2]","{2: 119, 0: 25, 3: 13, 9: 10, 6: 8, 1: 7, 4: 3, 7: 2, 5: 1, 8: 1, 10: 1}",0.6410397453340878
cluster_12,"[ 2  8  6  6  6  9  6  0  0  5  5  2  0  0  5  0  0  4  2  4  2  4  9  2
  2  2  9  2  2  2  2  2  9  9  2  9  2  2  2  2  2  2  9  9  9  9  2  2
  2  9  9  2  6  9  6  6  6  2  2  2  2  2 10  5  0  2  9  9  2  2  4  4
 11  2  9  2  1  2  9  9  9  9  9  2  2  2  2  2  2  2  2  2  2  2  2  2
  2  2  2  7  3  3  2  2  4  3  3  2  2  2  2  2  2  2  1  2  2  2  2  2
  4  2  3  3  3  2  2  2  3  3  2  2  2  2  4  2  2  2  2  2  2  2  2  1
  2  2  2  2  4  7  2  2  4  2  2  2  2  2  2  2  2  2  2  2  3  3  3  3
  2  2  2  2  2  2  2  2  2  2  2  2  2  2  2  2  2  2  2  2  2  2]","{2: 119, 9: 21, 3: 13, 4: 10, 6: 8, 0: 7, 5: 4, 1: 3, 7: 2, 8: 1, 10: 1, 11: 1}",0.6425125574023735
cluster_13,"[ 2  8  6  6  6  9  6  3 12  5  5  2  3  3  5  3  3  4  2  4  2  4  9  2
  2  2  9  2  2  2  2  2  9  9  2  9  2  2  2  2  2  2  9  9  9  9  2  2
  2  9  9  2  6  9  6  6  6  2  2  2  2  2 10  5  3  2  9  9  2  2  4  4
 11  2  9  2  0  2  9  9  9  9  9  2  2  2  2  2  2  2  2  2  2  2  2  2
  2  2  2  7  1  1  2  2  4  1  1  2  2  2  2  2  2  2  0  2  2  2  2  2
  4  2  1  1  1  2  2  2  1  1  2  2  2  2  4  2  2  2  2  2  2  2  2  0
  2  2  2  2  4  7  2  2  4  2  2  2  2  2  2  2  2  2  2  2  1  1  1  1
  2  2  2  2  2  2  2  2  2  2  2  2  2  2  2  2  2  2  2  2  2  2]","{2: 119, 9: 21, 1: 13, 4: 10, 6: 8, 3: 6, 5: 4, 0: 3, 7: 2, 8: 1, 10: 1, 11: 1, 12: 1}",0.642990517523465
cluster_14,"[ 0  8  6  6  6  9  6  3 12  5  5  0  3  3  5  3  3  4  0  4  0  4  9  0
  0  0  9  0  0  0  0  0  9  9  0  9  0  0  0  0  0  0  9  9  9  9  0  0
  0  9  9  0  6  9  6  6  6  0  0  0  0  0 10  5  3  0  9  9  0  0  4  4
 11  0  9  0  2  0  9  9  9  9  9  0  0  0  0  0  0  0  0  0  0  0  0  0
  0  0  0  7  1  1  0  0  4  1  1  0  0  0  0  0  0  0  2  0  0  0  0  0
  4  0  1  1  1  0  0  0  1  1  0  0  0  0  4  0  0  0  0  0  0  0  0 13
  0  0  0  0  4  7  0  0  4  0  0  0  0  0  0  0  0  0  0  0  1  1  1  1
  0  0  0  0  0  0  0  0  0  0  0  0  0  0  0  0  0  0  0  0  0  0]","{0: 119, 9: 21, 1: 13, 4: 10, 6: 8, 3: 6, 5: 4, 2: 2, 7: 2, 8: 1, 10: 1, 11: 1, 12: 1, 13: 1}",0.6401458525611056
cluster_15,"[ 3  8 14 14 14  9 14  1 12  5  5  3  1  1  5  1  1  4  3  4  3  4  9  3
  3  3  9  3  3  3  3  3  9  9  3  9  3  3  3  3  3  3  9  9  9  9  3  3
  3  9  9  3 14  9 14 14 14  3  3  3  3  3 10  5  1  3  9  9  3  3  4  4
 11  6  9  3  2  6  9  9  9  9  9  3  3  6  3  3  3  3  3  3  3  3  3  3
  3  3  3  7  0  0  3  3  4  0  0  3  3  3  3  6  6  3  2  3  3  3  3  3
  4  6  0  0  0  3  3  3  0  0  3  3  3  3  4  3  3  3  3  6  3  3  3 13
  3  3  3  3  4  7  3  3  4  3  6  3  3  6  3  3  3  3  3  3  0  0  0  0
  3  3  3  3  3  3  3  3  3  3  3  3  6  3  3  3  3  3  3  3  3  3]","{3: 109, 9: 21, 0: 13, 4: 10, 6: 10, 14: 8, 1: 6, 5: 4, 2: 2, 7: 2, 8: 1, 10: 1, 11: 1, 12: 1, 13: 1}",0.5142266211861591
cluster_16,"[ 3  8 14 14 14  4 14  0 12  5  5  3  0  0  5  0  0  1  3  1  3  1  4  3
  3  3  4  3  3  3  3  3  4  4  3  4  3  3  3  3  3  3  4  4  4  4  3  3
  3  4  4  3 14  4 14 14 14  3  3  3  3  3 10  5  0  3  4  4  3  3  1  1
 11  6  4  3  2  6  4  4  4  4  4  3  3  6  3  3  3  3  3  3  3  3  3  3
  3  3  3  7 15 15  3  3  1  9  9  3  3  3  3  6  6  3  2  3  3  3  3  3
  1  6  9  9  9  3  3  3  9  9  3  3  3  3  1  3  3  3  3  6  3  3  3 13
  3  3  3  3  1  7  3  3  1  3  6  3  3  6  3  3  3  3  3  3  9  9  9  9
  3  3  3  3  3  3  3  3  3  3  3  3  6  3  3  3  3  3  3  3  3  3]","{3: 109, 4: 21, 9: 11, 1: 10, 6: 10, 14: 8, 0: 6, 5: 4, 2: 2, 7: 2, 15: 2, 8: 1, 10: 1, 11: 1, 12: 1, 13: 1}",0.5310919155332442
cluster_17,"[ 3  8 14 14 14  1 14  7 12  5  5  3  4  4  5  4  4  0  3  0  3  0  1  3
  3  3  1  3  3  3  3  3  1  1  3  1  3  3  3  3  3  3  1  1  1  1  3  3
  3  1  1  3 14  1 14 14 14  3  3  3  3  3 10  5  7  3  1  1  3  3  0  0
 11  6  1  3  2  6  1  1  1  1  1  3  3  6  3  3  3  3  3  3  3  3  3  3
  3  3  3 16 15 15  3  3  0  9  9  3  3  3  3  6  6  3  2  3  3  3  3  3
  0  6  9  9  9  3  3  3  9  9  3  3  3  3  0  3  3  3  3  6  3  3  3 13
  3  3  3  3  0 16  3  3  0  3  6  3  3  6  3  3  3  3  3  3  9  9  9  9
  3  3  3  3  3  3  3  3  3  3  3  3  6  3  3  3  3  3  3  3  3  3]","{3: 109, 1: 21, 9: 11, 0: 10, 6: 10, 14: 8, 4: 4, 5: 4, 15: 2, 16: 2, 7: 2, 2: 2, 10: 1, 11: 1, 12: 1, 13: 1, 8: 1}",0.539285023204852
cluster_18,"[ 3 17 14 14 14  1 14  7 12  5  5  3  4  4  5  4  4  6  3  6  3  8  1  3
  3  3  1  3  3  3  3  3  1  1  3  1  3  3  3  3  3  3  1  1  1  1  3  3
  3  1  1  3 14  1 14 14 14  3  3  3  3  3 10  5  7  3  1  1  3  3  6  6
 11  2  1  3  0  2  1  1  1  1  1  3  3  2  3  3  3  3  3  3  3  3  3  3
  3  3  3 16 15 15  3  3  6  9  9  3  3  3  3  2  2  3  0  3  3  3  3  3
  6  2  9  9  9  3  3  3  9  9  3  3  3  3  6  3  3  3  3  2  3  3  3 13
  3  3  3  3  6 16  3  3  6  3  2  3  3  2  3  3  3  3  3  3  9  9  9  9
  3  3  3  3  3  3  3  3  3  3  3  3  2  3  3  3  3  3  3  3  3  3]","{3: 109, 1: 21, 9: 11, 2: 10, 6: 9, 14: 8, 4: 4, 5: 4, 16: 2, 15: 2, 0: 2, 7: 2, 11: 1, 12: 1, 13: 1, 10: 1, 8: 1, 17: 1}",0.5315121227036079
cluster_19,"[ 1 17 14 14 14  0 14  3 12  5  5  1  4  4  5  4  4  6  1  6  1 18  0  1
  1  1  0  1  1  1  1  1  0  0  1  0  1  1  1  1  1  1  0  0  0  0  1  1
  1  0  0  1 14  0 14 14 14  1  1  1  1  1 10  5  3  1  0  0  1  1  6  6
 11  2  0  1  8  2  0  0  0  0  0  1  1  2  1  1  1  1  1  1  1  1  1  1
  1  1  1  7 15 15  1  1  6  9  9  1  1  1  1  2  2  1 16  1  1  1  1  1
  6  2  9  9  9  1  1  1  9  9  1  1  1  1  6  1  1  1  1  2  1  1  1 13
  1  1  1  1  6  7  1  1  6  1  2  1  1  2  1  1  1  1  1  1  9  9  9  9
  1  1  1  1  1  1  1  1  1  1  1  1  2  1  1  1  1  1  1  1  1  1]","{1: 109, 0: 21, 9: 11, 2: 10, 6: 9, 14: 8, 4: 4, 5: 4, 3: 2, 7: 2, 15: 2, 8: 1, 10: 1, 11: 1, 12: 1, 13: 1, 16: 1, 17: 1, 18: 1}",0.5291995820225781
cluster_20,"[ 0 17 14 14 14  1 14  3 12  5  5  0  4  4  5  4  4  6  0  6  0 18  1  0
  0  0  1  0  0  0  0  0  1  1  0  1  0  0  0  0  0  0  1  1  1  1  0  0
  0  1  1  0 14  1 14 14 14  0  0  0  0  0 10  5  3  0 19  1  0  0  6  6
 11  2 19  0  8  2  1  1  1  1  1  0  0  2  0  0  0  0  0  0  0  0  0  0
  0  0  0  7 15 15  0  0  6  9  9  0  0  0  0  2  2  0 16  0  0  0  0  0
  6  2  9  9  9  0  0  0  9  9  0  0  0  0  6  0  0  0  0  2  0  0  0 13
  0  0  0  0  6  7  0  0  6  0  2  0  0  2  0  0  0  0  0  0  9  9  9  9
  0  0  0  0  0  0  0  0  0  0  0  0  2  0  0  0  0  0  0  0  0  0]","{0: 109, 1: 19, 9: 11, 2: 10, 6: 9, 14: 8, 4: 4, 5: 4, 15: 2, 19: 2, 7: 2, 3: 2, 8: 1, 11: 1, 12: 1, 13: 1, 16: 1, 17: 1, 18: 1, 10: 1}",0.5306291414367243
cluster_21,"[20 17  6  6  6  1  6  3 12  5  5 14  4  4  5  4  4  2 20  2 20 18  1 14
 14 14  1 14 14 14 14 14  1  1 14  1 14 20 20 20 20 20  1  1  1  1 20 14
 20  1  1 20  6  1  6  6  6 20 20 20 20 20 10  5  3 20 19  1 14 14  2  2
 11  0 19 14  8  0  1  1  1  1  1 20 20  0 20 20 20 20 20 20 20 20 20 20
 20 20 20  7 15 15 20 20  2  9  9 20 20 20 20  0  0 20 16 20 20 20 20 20
  2  0  9  9  9 20 20 20  9  9 20 20 20 20  2 20 20 20 20  0 20 20 20 13
 20 20 20 20  2  7 20 20  2 20  0 20 20  0 20 20 20 20 20 20  9  9  9  9
 20 20 20 20 20 20 20 20 20 20 20 20  0 20 20 20 20 20 20 20 20 20]","{20: 94, 1: 19, 14: 15, 9: 11, 0: 10, 2: 9, 6: 8, 5: 4, 4: 4, 7: 2, 3: 2, 15: 2, 19: 2, 8: 1, 11: 1, 12: 1, 13: 1, 16: 1, 17: 1, 18: 1, 10: 1}",0.5958719815326441
cluster_22,"[20 17  2  2  2  1  2  3 12  5  5  6  4  4  5  4  4  0 20  0 20 18  1  6
  6  6  1  6  6  6  6  6  1  1  6  1  6 20 20 20 20 20  1  1  1  1 20  6
 20  1  1 20  2  1  2  2  2 20 20 20 20 20 21  5  3 20 19  1  6  6  0  0
 11 10 19  6  8 10  1  1  1  1  1 20 20 10 20 20 20 20 20 20 20 20 20 20
 20 20 20  7 15 15 20 20  0  9  9 20 20 20 20 14 14 20 16 20 20 20 20 20
  0 14  9  9  9 20 20 20  9  9 20 20 20 20  0 20 20 20 20 14 20 20 20 13
 20 20 20 20  0  7 20 20  0 20 14 20 20 14 20 20 20 20 20 20  9  9  9  9
 20 20 20 20 20 20 20 20 20 20 20 20 14 20 20 20 20 20 20 20 20 20]","{20: 94, 1: 19, 6: 15, 9: 11, 0: 9, 2: 8, 14: 7, 4: 4, 5: 4, 10: 3, 3: 2, 7: 2, 19: 2, 15: 2, 17: 1, 18: 1, 11: 1, 16: 1, 13: 1, 12: 1, 8: 1, 21: 1}",0.5852137099855517
cluster_23,"[20 17  2  2  2  0  2  3 12  5  5  6  1  1  5  1  1  9 20  9 20 18  0  6
  6  6  0  6  6  6  6  6  0  0  6  0  6 20 20 20 20 20  0  0  0  0 20  6
 20  0  0 20  2  0  2  2  2 20 20 20 20 20 21  5  3 20 19  0  6  6 22 22
 11 10 19  6  8 10  0  0  0  0  0 20 20 10 20 20 20 20 20 20 20 20 20 20
 20 20 20  7 15 15 20 20  9  4  4 20 20 20 20 14 14 20 16 20 20 20 20 20
  9 14  4  4  4 20 20 20  4  4 20 20 20 20  9 20 20 20 20 14 20 20 20 13
 20 20 20 20  9  7 20 20  9 20 14 20 20 14 20 20 20 20 20 20  4  4  4  4
 20 20 20 20 20 20 20 20 20 20 20 20 14 20 20 20 20 20 20 20 20 20]","{20: 94, 0: 19, 6: 15, 4: 11, 2: 8, 14: 7, 9: 7, 5: 4, 1: 4, 10: 3, 19: 2, 15: 2, 22: 2, 7: 2, 3: 2, 13: 1, 12: 1, 8: 1, 16: 1, 17: 1, 18: 1, 21: 1, 11: 1}",0.5921362868880454
cluster_24,"[20 17  0  0  0 11  0  3 12  2  2  6  1  1  2  1  1  9 20  9 20 18 11  6
  6  6 11  6  6  6  6  6 11 11  6 11  6 20 20 20 20 20  5 11 11  5 20  6
 20  5  5 20  0  5  0  0  0 20 20 20 20 20 21  2  3 20 19  5  6  6 22 22
 23 10 19  6  8 10 11 11 11 11 11 20 20 10 20 20 20 20 20 20 20 20 20 20
 20 20 20  7 15 15 20 20  9  4  4 20 20 20 20 14 14 20 16 20 20 20 20 20
  9 14  4  4  4 20 20 20  4  4 20 20 20 20  9 20 20 20 20 14 20 20 20 13
 20 20 20 20  9  7 20 20  9 20 14 20 20 14 20 20 20 20 20 20  4  4  4  4
 20 20 20 20 20 20 20 20 20 20 20 20 14 20 20 20 20 20 20 20 20 20]","{20: 94, 6: 15, 11: 13, 4: 11, 0: 8, 14: 7, 9: 7, 5: 6, 1: 4, 2: 4, 10: 3, 7: 2, 22: 2, 3: 2, 15: 2, 19: 2, 18: 1, 21: 1, 12: 1, 17: 1, 16: 1, 13: 1, 8: 1, 23: 1}",0.593972195354118
cluster_25,"[20 17 14 14 14 11 14  3 12  0  0  2  1  1  0  1  1  9 20  9 20 18 11  2
  2  2 11  2  2  2  2  2 11 11  2 11  2 20 20 20 20 20  5 11 11  5 20  2
 20  5  5 20 14  5 24 24 14 20 20 20 20 20 21  0  3 20 19  5  2  2 22 22
 23 10 19  2  8 10 11 11 11 11 11 20 20 10 20 20 20 20 20 20 20 20 20 20
 20 20 20  7 15 15 20 20  9  4  4 20 20 20 20  6  6 20 16 20 20 20 20 20
  9  6  4  4  4 20 20 20  4  4 20 20 20 20  9 20 20 20 20  6 20 20 20 13
 20 20 20 20  9  7 20 20  9 20  6 20 20  6 20 20 20 20 20 20  4  4  4  4
 20 20 20 20 20 20 20 20 20 20 20 20  6 20 20 20 20 20 20 20 20 20]","{20: 94, 2: 15, 11: 13, 4: 11, 6: 7, 9: 7, 14: 6, 5: 6, 0: 4, 1: 4, 10: 3, 22: 2, 19: 2, 15: 2, 24: 2, 7: 2, 3: 2, 13: 1, 16: 1, 17: 1, 18: 1, 8: 1, 21: 1, 23: 1, 12: 1}",0.5934809266535191
cluster_26,"[20 17 14 14 14 11 14  3 25  0  0  2  1  1  0  1  1  9 20  9 20 18 11  2
  2  2 11  2  2  2  2  2 11 11  2 11  2 20 20 20 20 20  5 11 11  5 20  2
 20  5  5 20 14  5 24 24 14 20 20 20 20 20 21 12  3 20 19  5  2  2 22 22
 23 10 19  2  8 10 11 11 11 11 11 20 20 10 20 20 20 20 20 20 20 20 20 20
 20 20 20  7 15 15 20 20  9  4  4 20 20 20 20  6  6 20 16 20 20 20 20 20
  9  6  4  4  4 20 20 20  4  4 20 20 20 20  9 20 20 20 20  6 20 20 20 13
 20 20 20 20  9  7 20 20  9 20  6 20 20  6 20 20 20 20 20 20  4  4  4  4
 20 20 20 20 20 20 20 20 20 20 20 20  6 20 20 20 20 20 20 20 20 20]","{20: 94, 2: 15, 11: 13, 4: 11, 6: 7, 9: 7, 5: 6, 14: 6, 1: 4, 10: 3, 0: 3, 7: 2, 24: 2, 19: 2, 3: 2, 15: 2, 22: 2, 23: 1, 21: 1, 13: 1, 18: 1, 17: 1, 16: 1, 12: 1, 8: 1, 25: 1}",0.5926787128435583
cluster_27,"[20 17 14 14 14 11 14  1 25  7  7  2  0  0 26  0  0  9 20  9 20 18 11  2
  2  2 11  2  2  2  2  2 11 11  2 11  2 20 20 20 20 20  5 11 11  5 20  2
 20  5  5 20 14  5 24 24 14 20 20 20 20 20 21 12  1 20 19  5  2  2 22 22
 23 10 19  2  8 10 11 11 11 11 11 20 20 10 20 20 20 20 20 20 20 20 20 20
 20 20 20  3 15 15 20 20  9  4  4 20 20 20 20  6  6 20 16 20 20 20 20 20
  9  6  4  4  4 20 20 20  4  4 20 20 20 20  9 20 20 20 20  6 20 20 20 13
 20 20 20 20  9  3 20 20  9 20  6 20 20  6 20 20 20 20 20 20  4  4  4  4
 20 20 20 20 20 20 20 20 20 20 20 20  6 20 20 20 20 20 20 20 20 20]","{20: 94, 2: 15, 11: 13, 4: 11, 9: 7, 6: 7, 14: 6, 5: 6, 0: 4, 10: 3, 7: 2, 24: 2, 1: 2, 3: 2, 15: 2, 22: 2, 19: 2, 25: 1, 23: 1, 21: 1, 13: 1, 18: 1, 17: 1, 16: 1, 12: 1, 8: 1, 26: 1}",0.5923509888757832
cluster_28,"[ 9 17 14 14 14 11 14  0 25  7  7  2 13 20 26 20 13  4  9  4  9 18 11  2
  2  2 11  2  2  2  2  2 11 11  2 11  2  9  9  9  9  9  5 11 11  5  9  2
  9  5  5  9 14  5 24 24 14  9  9  9  9  9 21 12  0  9 19  5  2  2 22 22
 23 10 19  2  8 10 11 11 11 11 11  9  9 10  9  9  9  9  9  9  9  9  9  9
  9  9  9  3 15 15  9  9  4  1  1  9  9  9  9  6  6  9 16  9  9  9  9  9
  4  6  1  1  1  9  9  9  1  1  9  9  9  9  4  9  9  9  9  6  9  9  9 27
  9  9  9  9  4  3  9  9  4  9  6  9  9  6  9  9  9  9  9  9  1  1  1  1
  9  9  9  9  9  9  9  9  9  9  9  9  6  9  9  9  9  9  9  9  9  9]","{9: 94, 2: 15, 11: 13, 1: 11, 4: 7, 6: 7, 14: 6, 5: 6, 10: 3, 24: 2, 22: 2, 20: 2, 19: 2, 15: 2, 0: 2, 13: 2, 7: 2, 3: 2, 16: 1, 17: 1, 18: 1, 12: 1, 8: 1, 21: 1, 23: 1, 25: 1, 26: 1, 27: 1}",0.5932157717011449
cluster_29,"[ 9 17 14 14 14 11 14 28 25  3  3  2 13 20 26 20 13  4  9  4  9 18 11  2
  2  2 11  2  2  2  2  2 11 11  2 11  2  9  9  9  9  9  5 11 11  5  9  2
  9  5  5  9 14  5 24 24 14  9  9  9  9  9 21 12 15  9 19  5  2  2 22 22
 23 10 19  2  8 10 11 11 11 11 11  9  9 10  9  9  9  9  9  9  9  9  9  9
  9  9  9  1  7  7  9  9  4  0  0  9  9  9  9  6  6  9 16  9  9  9  9  9
  4  6  0  0  0  9  9  9  0  0  9  9  9  9  4  9  9  9  9  6  9  9  9 27
  9  9  9  9  4  1  9  9  4  9  6  9  9  6  9  9  9  9  9  9  0  0  0  0
  9  9  9  9  9  9  9  9  9  9  9  9  6  9  9  9  9  9  9  9  9  9]","{9: 94, 2: 15, 11: 13, 0: 11, 6: 7, 4: 7, 14: 6, 5: 6, 10: 3, 7: 2, 22: 2, 3: 2, 13: 2, 1: 2, 24: 2, 19: 2, 20: 2, 27: 1, 26: 1, 25: 1, 23: 1, 18: 1, 21: 1, 8: 1, 17: 1, 16: 1, 15: 1, 12: 1, 28: 1}",0.5884128076475436
cluster_30,"[ 4 17 14 14 14 11 14 28 25  3  3  2 13 20 26 20 13  1  4  1  4 18 11  2
  2  2 11  2  2  2  2  2 11 11  2 11  2  4  4  4  4  4  5 11 11  5  4  2
  4  5  5  4 14  5 24 24 14  4  4  4  4  4 21 12 15  4  9  5  2  2 22 22
 23 10  9  2  8 10 11 11 11 11 11  4  4 10  4  4  4  4  4  4  4  4  4  4
  4  4  4  0  7  7  4  4  1 19 19  4  4  4  4  6  6  4 16  4  4  4  4  4
  1  6 19 19 19  4  4  4 29 19  4  4  4  4  1  4  4  4  4  6  4  4  4 27
  4  4  4  4  1  0  4  4  1  4  6  4  4  6  4  4  4  4  4  4 29 19 19 19
  4  4  4  4  4  4  4  4  4  4  4  4  6  4  4  4  4  4  4  4  4  4]","{4: 94, 2: 15, 11: 13, 19: 9, 6: 7, 1: 7, 14: 6, 5: 6, 10: 3, 0: 2, 24: 2, 22: 2, 20: 2, 29: 2, 13: 2, 9: 2, 7: 2, 3: 2, 12: 1, 16: 1, 17: 1, 18: 1, 8: 1, 21: 1, 23: 1, 25: 1, 26: 1, 27: 1, 28: 1, 15: 1}",0.5903682815492635
cluster_31,"[ 1 17 14 14 14 11 14 28 25  3  3  2 13 20 26 20 13  0  1  0  1 18 11  2
  2  2 11  2  2  2  2  2 11 11  2 11  2  1  1  1  1  1  5 11 11  5  1  2
  1  5  5  1 14  5 24 24 14  1  1  1  1  1 21 12 15  1  9  5  2  2 10 10
 23  4  9  2  8  4 11 11 11 11 11  1  1  4  1  1  1  1  1  1  1  1  1  1
  1  1  1 30  7  7  1  1  0 19 19  1  1  1  1  6  6  1 16  1  1  1  1  1
  0  6 19 19 19  1  1  1 29 19  1  1  1  1  0  1  1  1  1  6  1  1  1 27
  1  1  1  1  0 22  1  1  0  1  6  1  1  6  1  1  1  1  1  1 29 19 19 19
  1  1  1  1  1  1  1  1  1  1  1  1  6  1  1  1  1  1  1  1  1  1]","{1: 94, 2: 15, 11: 13, 19: 9, 6: 7, 0: 7, 5: 6, 14: 6, 4: 3, 7: 2, 29: 2, 9: 2, 10: 2, 13: 2, 3: 2, 20: 2, 24: 2, 23: 1, 28: 1, 27: 1, 26: 1, 25: 1, 15: 1, 22: 1, 21: 1, 18: 1, 17: 1, 16: 1, 12: 1, 8: 1, 30: 1}",0.5867182120169216
cluster_32,"[ 1 17 14 14 14 11 14 28 25  7  7  0 13 20 26 20 13  6  1  6  1 18 11  0
  0  0 11  0  0  0  0  0 11 11  0 11  0  1  1  1  1  1  5 11 11  5  1  0
  1  5  5  1 14  5 24 24 14  1  1  1  1  1 21 12 31  1  9  5  0  0 10 10
 23  4  9  0  8  4 11 11 11 11 11  1  1  4  1  1  1  1  1  1  1  1  1  1
  1  1  1 30 15 15  1  1  3 19 19  1  1  1  1  2  2  1 16  1  1  1  1  1
  6  2 19 19 19  1  1  1 29 19  1  1  1  1  3  1  1  1  1  2  1  1  1 27
  1  1  1  1  6 22  1  1  6  1  2  1  1  2  1  1  1  1  1  1 29 19 19 19
  1  1  1  1  1  1  1  1  1  1  1  1  2  1  1  1  1  1  1  1  1  1]","{1: 94, 0: 15, 11: 13, 19: 9, 2: 7, 5: 6, 14: 6, 6: 5, 4: 3, 3: 2, 20: 2, 15: 2, 13: 2, 29: 2, 24: 2, 10: 2, 9: 2, 7: 2, 28: 1, 27: 1, 30: 1, 26: 1, 25: 1, 16: 1, 23: 1, 22: 1, 21: 1, 18: 1, 17: 1, 12: 1, 8: 1, 31: 1}",0.5958335426634013
cluster_33,"[ 0 17 14 14 14 11 14 28 25 15 15  3 13 20 26 20 13  6  0  6  0 18 11  3
  3  3 11  3  3  3  3  3 11 11  3 11  3  0  0  0  0  0  5 11 11  5  0  3
  0  5  5  0 14  5 24 24 14  0  0  0  0  0 21 12 31  0  4  5  9  9 10 10
 23  1  4  9  8  1 11 11 11 11 11  0  0  1  0  0  0  0  0  0  0  0  0  0
  0  0  0 30 32 32  0  0  7 19 19  0  0  0  0  2  2  0 16  0  0  0  0  0
  6  2 19 19 19  0  0  0 29 19  0  0  0  0  7  0  0  0  0  2  0  0  0 27
  0  0  0  0  6 22  0  0  6  0  2  0  0  2  0  0  0  0  0  0 29 19 19 19
  0  0  0  0  0  0  0  0  0  0  0  0  2  0  0  0  0  0  0  0  0  0]","{0: 94, 11: 13, 3: 12, 19: 9, 2: 7, 14: 6, 5: 6, 6: 5, 9: 3, 1: 3, 29: 2, 24: 2, 20: 2, 15: 2, 32: 2, 13: 2, 10: 2, 4: 2, 7: 2, 18: 1, 8: 1, 21: 1, 22: 1, 23: 1, 12: 1, 25: 1, 26: 1, 27: 1, 28: 1, 17: 1, 30: 1, 31: 1, 16: 1}",0.6005646355828343
cluster_34,"[ 7 17 14 14 14 11 14 28 25 15 15  3 13 20 26 20 13  2  7  2  7 18 11  3
  3  3 11  3  3  3  3  3 11 11  3 11  3  6  6  6  6  6  5 11 11  5  6  3
  6  5  5  6 14  5 24 24 14  6  6  6  7  7 21 12 31  6  4  5  9  9 10 10
 23  1  4  9  8  1 11 11 11 11 11  7  7  1  7  7  7  7  6  7  7  7  7  7
  7  7  7 30 32 32  7  7 16 19 19  7  7  7  7  0  0  7 33  7  7  7  7  7
  2  0 19 19 19  7  7  7 29 19  7  7  7  7 16  7  7  7  7  0  7  7  7 27
  7  7  7  7  2 22  7  7  2  7  0  7  7  0  7  7  7  7  7  7 29 19 19 19
  7  7  7  7  7  7  7  7  7  7  7  7  0  7  7  7  7  7  7  7  7  7]","{7: 81, 6: 13, 11: 13, 3: 12, 19: 9, 0: 7, 5: 6, 14: 6, 2: 5, 9: 3, 1: 3, 15: 2, 29: 2, 20: 2, 16: 2, 24: 2, 13: 2, 10: 2, 32: 2, 4: 2, 26: 1, 30: 1, 28: 1, 27: 1, 31: 1, 17: 1, 25: 1, 23: 1, 22: 1, 21: 1, 18: 1, 12: 1, 8: 1, 33: 1}",0.6263223251869998
cluster_35,"[ 7 17 14 14 14  5 14 28 25 15 15  3 13 20 26 20 13  0  7  0  7 18  5  3
  3  3  5  3  3  3  3  3  5  5  3  5  3  6  6  6  6  6  2  5  5  2  6  3
  6  2  2  6 14  2 24 24 14  6  6  6  7  7 21 12 31  6  4  2  9  9 10 10
 23  1  4  9  8  1  5  5  5  5  5  7  7  1  7  7  7  7  6  7  7  7  7  7
  7  7  7 30 32 32  7  7 16 19 19  7  7  7  7 11 11  7 33  7  7  7  7  7
  0 34 19 19 19  7  7  7 29 19  7  7  7  7 16  7  7  7  7 11  7  7  7 27
  7  7  7  7  0 22  7  7  0  7 11  7  7 11  7  7  7  7  7  7 29 19 19 19
  7  7  7  7  7  7  7  7  7  7  7  7 11  7  7  7  7  7  7  7  7  7]","{7: 81, 5: 13, 6: 13, 3: 12, 19: 9, 2: 6, 11: 6, 14: 6, 0: 5, 9: 3, 1: 3, 16: 2, 24: 2, 29: 2, 20: 2, 13: 2, 15: 2, 32: 2, 10: 2, 4: 2, 26: 1, 31: 1, 30: 1, 33: 1, 28: 1, 27: 1, 17: 1, 25: 1, 23: 1, 22: 1, 21: 1, 18: 1, 12: 1, 8: 1, 34: 1}",0.6179441737297368
cluster_36,"[ 7 35 14 14 14  5 14 28 25 15 15  3 13  9 26  9 13  8  7  8  7 18  5  3
  3  3  5  3  3  3  3  3  5  5  3  5  3  6  6  6  6  6  2  5  5  2  6  3
  6  2  2  6 14  2 24 24 14  6  6  6  7  7 21 12 31  6  1  2  4  4 10 10
 23  0  1  4 17  0  5  5  5  5  5  7  7  0  7  7  7  7  6  7  7  7  7  7
  7  7  7 30 32 32  7  7 16 19 19  7  7  7  7 11 11  7 33  7  7  7  7  7
 20 34 19 19 19  7  7  7 29 19  7  7  7  7 16  7  7  7  7 11  7  7  7 27
  7  7  7  7 20 22  7  7 20  7 11  7  7 11  7  7  7  7  7  7 29 19 19 19
  7  7  7  7  7  7  7  7  7  7  7  7 11  7  7  7  7  7  7  7  7  7]","{7: 81, 5: 13, 6: 13, 3: 12, 19: 9, 2: 6, 11: 6, 14: 6, 0: 3, 4: 3, 20: 3, 16: 2, 29: 2, 24: 2, 32: 2, 1: 2, 13: 2, 15: 2, 10: 2, 9: 2, 8: 2, 33: 1, 27: 1, 34: 1, 31: 1, 30: 1, 28: 1, 18: 1, 26: 1, 25: 1, 23: 1, 22: 1, 21: 1, 17: 1, 12: 1, 35: 1}",0.6232318263550037
cluster_37,"[ 7 35 14 14 14  5 14 28 25 15 15  3 13  4 26  4 13  8  7  8  7 18  5  3
  3  3  5  3  3  3  3  3  5  5  3  5  3  6  6  6  6  6  2  5  5  2  6  3
  6  2  2  6 14  2 24 24 14  6  6  6  7  7 21 12 31  6  0  2  1  1 10 10
 23 19  0  1 36 19  5  5  5  5  5  7  7 17  7  7  7  7  6  7  7  7  7  7
  7  7  7 30 32 32  7  7 16  9  9  7  7  7  7 11 11  7 33  7  7  7  7  7
 20 34  9  9  9  7  7  7 29  9  7  7  7  7 16  7  7  7  7 11  7  7  7 27
  7  7  7  7 20 22  7  7 20  7 11  7  7 11  7  7  7  7  7  7 29  9  9  9
  7  7  7  7  7  7  7  7  7  7  7  7 11  7  7  7  7  7  7  7  7  7]","{7: 81, 5: 13, 6: 13, 3: 12, 9: 9, 2: 6, 11: 6, 14: 6, 20: 3, 1: 3, 0: 2, 16: 2, 24: 2, 32: 2, 19: 2, 13: 2, 15: 2, 10: 2, 8: 2, 4: 2, 29: 2, 34: 1, 28: 1, 35: 1, 33: 1, 31: 1, 30: 1, 18: 1, 27: 1, 26: 1, 25: 1, 23: 1, 22: 1, 21: 1, 17: 1, 12: 1, 36: 1}",0.6192057499531419
cluster_38,"[ 7 35 14 14 14  5 14 28 25 15 15  3 13  1 26  1 13  8  7  8  7 37  5  3
  3  3  5  3  3  3  3  3  5  5  3  5  3  6  6  6  6  6  2  5  5  2  6  3
  6  2  2  6 14  2 24 24 14  6  6  6  7  7 21 12 31  6 18  2  0  0 10 10
 23 19 20  0 36 19  5  5  5  5  5  7  7 17  7  7  7  7  6  7  7  7  7  7
  7  7  7 30 32 32  7  7 16  4  4  7  7  7  7 11 11  7 33  7  7  7  7  7
  9 34  4  4  4  7  7  7 29  4  7  7  7  7 16  7  7  7  7 11  7  7  7 27
  7  7  7  7  9 22  7  7  9  7 11  7  7 11  7  7  7  7  7  7 29  4  4  4
  7  7  7  7  7  7  7  7  7  7  7  7 11  7  7  7  7  7  7  7  7  7]","{7: 81, 5: 13, 6: 13, 3: 12, 4: 9, 2: 6, 11: 6, 14: 6, 0: 3, 9: 3, 16: 2, 32: 2, 29: 2, 24: 2, 1: 2, 19: 2, 15: 2, 13: 2, 8: 2, 10: 2, 28: 1, 36: 1, 35: 1, 34: 1, 33: 1, 31: 1, 30: 1, 27: 1, 17: 1, 26: 1, 25: 1, 12: 1, 23: 1, 22: 1, 21: 1, 20: 1, 18: 1, 37: 1}",0.6155439982804954
cluster_39,"[ 7 35 14 14 14  5 14 28 25 15 15  3 13  0 26  0 13  8  7  8  7 37  5  3
  3  3  5  3  3  3  3  3  5  5  3  5  3  6  6  6  6  6  2  5  5  2  6  3
  6  2  2  6 14  2 24 24 14  6  6  6  7  7 21 12 31  6 38  2  9  9 10 10
 23 19 20 18 36 19  5  5  5  5  5  7  7 17  7  7  7  7  6  7  7  7  7  7
  7  7  7 30 32 32  7  7 16  1  1  7  7  7  7 11 11  7 33  7  7  7  7  7
  4 34  1  1  1  7  7  7 29  1  7  7  7  7 16  7  7  7  7 11  7  7  7 27
  7  7  7  7  4 22  7  7  4  7 11  7  7 11  7  7  7  7  7  7 29  1  1  1
  7  7  7  7  7  7  7  7  7  7  7  7 11  7  7  7  7  7  7  7  7  7]","{7: 81, 5: 13, 6: 13, 3: 12, 1: 9, 2: 6, 11: 6, 14: 6, 4: 3, 0: 2, 15: 2, 32: 2, 29: 2, 24: 2, 16: 2, 19: 2, 13: 2, 8: 2, 10: 2, 9: 2, 28: 1, 37: 1, 36: 1, 35: 1, 34: 1, 33: 1, 31: 1, 30: 1, 27: 1, 17: 1, 26: 1, 25: 1, 23: 1, 22: 1, 21: 1, 20: 1, 12: 1, 18: 1, 38: 1}",0.612580028168859
cluster_40,"[ 3 35 14 14 14  5 14 28 25 15 15  1 13 39 26 34 13  8  3  8  3 37  5  1
  1  1  5  1  1  1  1  1  5  5  1  5  1  6  6  6  6  6  2  5  5  2  6  1
  6  2  2  6 14  2 24 24 14  6  6  6  3  3 21 12 31  6 38  2  9  9 10 10
 23 19 20 18 36 19  5  5  5  5  5  3  3 17  3  3  3  3  6  3  3  3  3  3
  3  3  3 30 32 32  3  3  7  0  0  3  3  3  3 11 11  3 33  3  3  3  3  3
  4 16  0  0  0  3  3  3 29  0  3  3  3  3  7  3  3  3  3 11  3  3  3 27
  3  3  3  3  4 22  3  3  4  3 11  3  3 11  3  3  3  3  3  3 29  0  0  0
  3  3  3  3  3  3  3  3  3  3  3  3 11  3  3  3  3  3  3  3  3  3]","{3: 81, 6: 13, 5: 13, 1: 12, 0: 9, 11: 6, 14: 6, 2: 6, 4: 3, 7: 2, 15: 2, 24: 2, 32: 2, 19: 2, 8: 2, 29: 2, 13: 2, 10: 2, 9: 2, 37: 1, 28: 1, 35: 1, 38: 1, 34: 1, 33: 1, 31: 1, 30: 1, 36: 1, 20: 1, 27: 1, 26: 1, 25: 1, 23: 1, 22: 1, 21: 1, 18: 1, 17: 1, 16: 1, 12: 1, 39: 1}",0.6087377739048034
cluster_41,"[ 3 35  6  6  6  5  6 28 25 15 15  1 13 39 26 34 13  8  3  8  3 37  5  1
  1  1  5  1  1  1  1  1  5  5  1  5  1  2  2  2  2  2  0  5  5  0  2  1
  2  0  0  2  6  0 24 24  6  2  2  2  3  3 21 12 31  2 38  0  9  9 10 10
 23 19 20 18 36 19  5  5  5  5  5  3  3 17  3  3  3  3  2  3  3  3  3  3
  3  3  3 30 32 32  3  3  7 40 29  3  3  3  3 11 11  3 33  3  3  3  3  3
  4 16 29 40 29  3  3  3 14 29  3  3  3  3  7  3  3  3  3 11  3  3  3 27
  3  3  3  3  4 22  3  3  4  3 11  3  3 11  3  3  3  3  3  3 14 40 29 40
  3  3  3  3  3  3  3  3  3  3  3  3 11  3  3  3  3  3  3  3  3  3]","{3: 81, 2: 13, 5: 13, 1: 12, 0: 6, 11: 6, 6: 6, 29: 5, 40: 4, 4: 3, 9: 2, 32: 2, 10: 2, 24: 2, 7: 2, 19: 2, 15: 2, 14: 2, 13: 2, 8: 2, 38: 1, 37: 1, 36: 1, 35: 1, 34: 1, 33: 1, 39: 1, 31: 1, 30: 1, 25: 1, 28: 1, 27: 1, 26: 1, 23: 1, 22: 1, 21: 1, 18: 1, 17: 1, 16: 1, 12: 1, 20: 1}",0.5996542840064585
cluster_42,"[ 3 35  6  6  6  5  6 28 25 15 15  1 13 39 26 34 13  8  3  8  3 37  5  1
  1  1  5  1  1  1  1  1  5  5  1  5  1  0  0  0  0  0  9  5  5  9  0  1
  0  9  9  0  6  2 24 24  6  0  0  0  3  3 21 12 31  0 38  2 20 20 10 10
 23 19 41 18 36 19  5  5  5  5  5  3  3 17  3  3  3  3  0  3  3  3  3  3
  3  3  3 30 32 32  3  3  7 40 29  3  3  3  3 11 11  3 33  3  3  3  3  3
  4 16 29 40 29  3  3  3 14 29  3  3  3  3  7  3  3  3  3 11  3  3  3 27
  3  3  3  3  4 22  3  3  4  3 11  3  3 11  3  3  3  3  3  3 14 40 29 40
  3  3  3  3  3  3  3  3  3  3  3  3 11  3  3  3  3  3  3  3  3  3]","{3: 81, 0: 13, 5: 13, 1: 12, 6: 6, 11: 6, 29: 5, 9: 4, 40: 4, 4: 3, 7: 2, 8: 2, 32: 2, 24: 2, 2: 2, 20: 2, 19: 2, 15: 2, 14: 2, 13: 2, 10: 2, 38: 1, 39: 1, 30: 1, 36: 1, 35: 1, 34: 1, 33: 1, 31: 1, 37: 1, 21: 1, 28: 1, 27: 1, 26: 1, 25: 1, 23: 1, 22: 1, 18: 1, 17: 1, 16: 1, 12: 1, 41: 1}",0.5943361620064447
cluster_43,"[ 1 35  6  6  6  5  6 28 25 15 15  0 13 39 26 34 13  8  1  8  1 37  5  0
  0  0  5  0  0  0  0  0  5  5  0  5  0  3  3  3  3  3  9  5  5  9  3  0
  3  9  9  3  6  2 24 24  6  3  3  3  1  1 21 12 31  3 38  2 20 20 10 10
 23 19 41 18 36 19  5  5  5  5  5  1  1 17  1  1  1  1 42  1  1  1  1  1
  1  1  1 30 32 32  1  1  7 40 29  1  1  1  1 11 11  1 33  1  1  1  1  1
  4 16 29 40 29  1  1  1 14 29  1  1  1  1  7  1  1  1  1 11  1  1  1 27
  1  1  1  1  4 22  1  1  4  1 11  1  1 11  1  1  1  1  1  1 14 40 29 40
  1  1  1  1  1  1  1  1  1  1  1  1 11  1  1  1  1  1  1  1  1  1]","{1: 81, 5: 13, 0: 12, 3: 12, 6: 6, 11: 6, 29: 5, 9: 4, 40: 4, 4: 3, 7: 2, 8: 2, 32: 2, 24: 2, 2: 2, 20: 2, 19: 2, 15: 2, 14: 2, 13: 2, 10: 2, 39: 1, 31: 1, 37: 1, 36: 1, 41: 1, 35: 1, 34: 1, 33: 1, 38: 1, 21: 1, 30: 1, 28: 1, 27: 1, 26: 1, 25: 1, 23: 1, 22: 1, 18: 1, 17: 1, 16: 1, 12: 1, 42: 1}",0.5857681205955685
cluster_44,"[ 1 35  6  6  6  2  6 28 25 15 15 10 13 39 26 34 13  8  1  8  1 37  2  5
  5  5  2 10 10  5  5 10  2  2  5  2  5  3  3  3  3  3  9  2  2  9  3  5
  3  9  9  3  6  0 24 24  6  3  3  3  1  1 43 12 31  3 38  0 20 20 21 21
 23 19 41 18 36 19  2  2  2  2  2  1  1 17  1  1  1  1 42  1  1  1  1  1
  1  1  1 30 32 32  1  1  7 40 29  1  1  1  1 11 11  1 33  1  1  1  1  1
  4 16 29 40 29  1  1  1 14 29  1  1  1  1  7  1  1  1  1 11  1  1  1 27
  1  1  1  1  4 22  1  1  4  1 11  1  1 11  1  1  1  1  1  1 14 40 29 40
  1  1  1  1  1  1  1  1  1  1  1  1 11  1  1  1  1  1  1  1  1  1]","{1: 81, 2: 13, 3: 12, 5: 8, 6: 6, 11: 6, 29: 5, 40: 4, 9: 4, 10: 4, 4: 3, 0: 2, 24: 2, 21: 2, 20: 2, 19: 2, 15: 2, 32: 2, 14: 2, 13: 2, 8: 2, 7: 2, 41: 1, 39: 1, 42: 1, 38: 1, 37: 1, 36: 1, 35: 1, 34: 1, 33: 1, 22: 1, 31: 1, 30: 1, 28: 1, 27: 1, 26: 1, 25: 1, 23: 1, 18: 1, 17: 1, 16: 1, 12: 1, 43: 1}",0.6017243339759885
cluster_45,"[ 0 35  6  6  6  2  6 28 25  7  7 10 13 39 26 34 13  8  0  8  0 37  2  5
  5  5  2 10 10  5  5 10  2  2  5  2  5  1  1  1  1  1  9  2  2  9  1  5
  1  9  9  1  6 44 24 24  6  1  1  1  0  0 43 12 31  1 38 32 20 20 21 21
 23 19 41 18 36 19  2  2  2  2  2  0  0 17  0  0  0  0 42  0  0  0  0  0
  0  0  0 30 15 15  0  0  3 40 29  0  0  0  0 11 11  0 33  0  0  0  0  0
  4 16 29 40 29  0  0  0 14 29  0  0  0  0  3  0  0  0  0 11  0  0  0 27
  0  0  0  0  4 22  0  0  4  0 11  0  0 11  0  0  0  0  0  0 14 40 29 40
  0  0  0  0  0  0  0  0  0  0  0  0 11  0  0  0  0  0  0  0  0  0]","{0: 81, 2: 13, 1: 12, 5: 8, 6: 6, 11: 6, 29: 5, 9: 4, 10: 4, 40: 4, 4: 3, 15: 2, 21: 2, 20: 2, 19: 2, 24: 2, 14: 2, 13: 2, 8: 2, 7: 2, 3: 2, 35: 1, 37: 1, 36: 1, 34: 1, 42: 1, 38: 1, 39: 1, 41: 1, 32: 1, 43: 1, 33: 1, 22: 1, 31: 1, 30: 1, 28: 1, 27: 1, 26: 1, 25: 1, 23: 1, 18: 1, 17: 1, 16: 1, 12: 1, 44: 1}",0.5985440338706205
cluster_46,"[ 2 35  6  6  6  0  6 28 25  7  7 10 13 39 26 34 13  8  2  8  2 37  0  5
  5  5  0 10 10  5  5 10  0  0  5  0  5  1  1  1  1  1  9  0  0  9  1  5
  1  9  9  1  6 44 24 24  6  1  1  1  2  2 43 12 31  1 38 32 20 20 21 21
 23 19 41 18 36 19  0  0  0  0  0 22 22 17  2  2  2  2 42  2  2  2  2  2
  2  2  2 30 15 15  2  2  3 40 29  2  2  2  2 11 11  2 33  2  2  2  2  2
  4 16 29 40 29  2  2 22 14 29  2  2  2  2  3  2  2  2  2 11  2  2  2 27
  2  2  2  2  4 45  2  2  4  2 11  2  2 11  2  2  2  2  2  2 14 40 29 40
  2  2  2  2  2  2  2  2  2  2  2 22 11  2  2  2  2  2  2  2  2  2]","{2: 77, 0: 13, 1: 12, 5: 8, 6: 6, 11: 6, 29: 5, 10: 4, 22: 4, 40: 4, 9: 4, 4: 3, 8: 2, 14: 2, 15: 2, 7: 2, 19: 2, 20: 2, 21: 2, 3: 2, 24: 2, 13: 2, 35: 1, 38: 1, 36: 1, 37: 1, 43: 1, 39: 1, 41: 1, 42: 1, 33: 1, 44: 1, 34: 1, 23: 1, 32: 1, 31: 1, 30: 1, 28: 1, 27: 1, 26: 1, 25: 1, 18: 1, 17: 1, 16: 1, 12: 1, 45: 1}",0.57905545647885
cluster_47,"[ 0 35  2  2  2 46  2 28 25  7  7 10 13 39 26 34 13  8  0  8  0 37 14  5
  5  5 46 10 10  5  5 10 14 46  5 46  5  1  1  1  1  1  9 14 14  9  1  5
  1  9  9  1  2 44 24 24  2  1  1  1  0  0 43 12 31  1 38 32 20 20 21 21
 23 19 41 18 36 19 46 46 46 46 46 22 22 17  0  0  0  0 42  0  0  0  0  0
  0  0  0 30 15 15  0  0  3 40 29  0  0  0  0 11 11  0 33  0  0  0  0  0
  4 16 29 40 29  0  0 22  6 29  0  0  0  0  3  0  0  0  0 11  0  0  0 27
  0  0  0  0  4 45  0  0  4  0 11  0  0 11  0  0  0  0  0  0  6 40 29 40
  0  0  0  0  0  0  0  0  0  0  0 22 11  0  0  0  0  0  0  0  0  0]","{0: 77, 1: 12, 46: 9, 5: 8, 2: 6, 11: 6, 29: 5, 9: 4, 10: 4, 22: 4, 14: 4, 40: 4, 4: 3, 3: 2, 24: 2, 21: 2, 20: 2, 19: 2, 15: 2, 13: 2, 8: 2, 7: 2, 6: 2, 38: 1, 37: 1, 36: 1, 39: 1, 42: 1, 41: 1, 34: 1, 43: 1, 44: 1, 45: 1, 35: 1, 25: 1, 33: 1, 32: 1, 31: 1, 30: 1, 28: 1, 27: 1, 26: 1, 18: 1, 17: 1, 16: 1, 12: 1, 23: 1}",0.5635265283196926
cluster_48,"[24 35  0  0  0 46  0 28 25  7  7 10 13 39 26 34 13  8 24  8 24 37 14  2
  2  2 46 10 10  2  2 10 14 46  2 46  2  1  1  1  1  1  9 14 14  9  1  2
  1  9  9  1  0 44 11 11  0  1  1  1 23 23 43 12 31  1 38 32 20 20 21 21
 47 19 41 18 36 19 46 46 46 46 46 22 22 17 24 24 24 24 42 23 23 23 23 23
 23 23 23 30 15 15 23 23  3 40 29 23 23 23 23  5  5 23 33 23 23 23 23 23
  4 16 29 40 29 23 23 22  6 29 23 24 23 23  3 23 23 23 23  5 24 24 23 27
 23 23 23 23  4 45 23 23  4 23  5 23 23  5 23 23 23 23 23 23  6 40 29 40
 23 23 23 23 23 23 23 24 23 23 23 22  5 24 24 24 23 23 24 23 23 23]","{23: 62, 24: 15, 1: 12, 46: 9, 2: 8, 0: 6, 5: 6, 29: 5, 9: 4, 10: 4, 40: 4, 14: 4, 22: 4, 4: 3, 6: 2, 19: 2, 7: 2, 21: 2, 20: 2, 15: 2, 13: 2, 3: 2, 11: 2, 8: 2, 43: 1, 35: 1, 44: 1, 45: 1, 42: 1, 41: 1, 39: 1, 38: 1, 37: 1, 36: 1, 27: 1, 34: 1, 33: 1, 32: 1, 31: 1, 30: 1, 28: 1, 26: 1, 25: 1, 18: 1, 17: 1, 16: 1, 12: 1, 47: 1}",0.5178084690152394
cluster_49,"[24 35 11 48 11 46 11 28 25  7  7 10 13 39 26 34 13  8 24  8 24 37 14  0
  0  0 46 10 10  0  0 10 14 46  0 46  0  1  1  1  1  1  9 14 14  9  1  0
  1  9  9  1 11 44  5  5 11  1  1  1 23 23 43 12 31  1 38 32 20 20 21 21
 47 19 41 18 36 19 46 46 46 46 46 22 22 17 24 24 24 24 42 23 23 23 23 23
 23 23 23 30 15 15 23 23  3 40 29 23 23 23 23  2  2 23 33 23 23 23 23 23
  4 16 29 40 29 23 23 22  6 29 23 24 23 23  3 23 23 23 23  2 24 24 23 27
 23 23 23 23  4 45 23 23  4 23  2 23 23  2 23 23 23 23 23 23  6 40 29 40
 23 23 23 23 23 23 23 24 23 23 23 22  2 24 24 24 23 23 24 23 23 23]","{23: 62, 24: 15, 1: 12, 46: 9, 0: 8, 2: 6, 29: 5, 11: 5, 40: 4, 9: 4, 10: 4, 14: 4, 22: 4, 4: 3, 5: 2, 19: 2, 6: 2, 3: 2, 21: 2, 20: 2, 15: 2, 13: 2, 8: 2, 7: 2, 35: 1, 44: 1, 45: 1, 43: 1, 42: 1, 47: 1, 41: 1, 39: 1, 38: 1, 37: 1, 36: 1, 27: 1, 34: 1, 33: 1, 32: 1, 31: 1, 30: 1, 28: 1, 26: 1, 25: 1, 18: 1, 17: 1, 16: 1, 12: 1, 48: 1}",0.5122180634744781
cluster_50,"[24 35 11 48 11 46 11 28 25  7  7 10 13 39 26 34 13  8 24  8 24 37  6 29
 29 29 46 10 10 49 49 10  6 46 29 46 29  1  1  1  1  1  9  6  6  9  1 29
  1  9  9  1 11 44  5  5 11  1  1  1 23 23 43 12 31  1 38 32 20 20 21 21
 47 19 41 18 36 19 46 46 46 46 46 22 22 17 24 24 24 24 42 23 23 23 23 23
 23 23 23 30 15 15 23 23  3 40 14 23 23 23 23  0  0 23 33 23 23 23 23 23
  4 16 14 40 14 23 23 22  2 14 23 24 23 23  3 23 23 23 23  0 24 24 23 27
 23 23 23 23  4 45 23 23  4 23  0 23 23  0 23 23 23 23 23 23  2 40 14 40
 23 23 23 23 23 23 23 24 23 23 23 22  0 24 24 24 23 23 24 23 23 23]","{23: 62, 24: 15, 1: 12, 46: 9, 29: 6, 0: 6, 11: 5, 14: 5, 6: 4, 9: 4, 10: 4, 40: 4, 22: 4, 4: 3, 19: 2, 21: 2, 20: 2, 49: 2, 15: 2, 13: 2, 3: 2, 8: 2, 7: 2, 2: 2, 5: 2, 18: 1, 43: 1, 39: 1, 41: 1, 42: 1, 45: 1, 44: 1, 37: 1, 47: 1, 48: 1, 38: 1, 34: 1, 36: 1, 35: 1, 17: 1, 33: 1, 32: 1, 31: 1, 30: 1, 28: 1, 27: 1, 26: 1, 12: 1, 16: 1, 25: 1}",0.5183802867792361
cluster_51,"[24 35 11 48 11 46 11 28 25  7  7 10 13 39 26 34 13  3 24  3 24 37  6 29
 29 29 46 10 10 49 49 10  6 46 29 46 29  0  0  0  0  0  9  6  6  9  0 29
  0  9  9  0 11 44  5  5 11  0  0  0 23 23 43 12 31  0 38 32 20 20 21 21
 47 19 41 18 36 19 46 46 46 46 46 22 22 17 24 24 24 24 42 23 23 23 23 23
 23 23 23 30 15 15 23 23  1 40 14 23 23 23 23  8  8 23 33 23 23 23 23 23
  4 16 14 40 14 23 23 22  2 14 23 24 23 23  1 23 23 23 23  8 24 24 23 27
 23 23 23 23  4 45 23 23  4 23  8 23 23 50 23 23 23 23 23 23  2 40 14 40
 23 23 23 23 23 23 23 24 23 23 23 22  8 24 24 24 23 23 24 23 23 23]","{23: 62, 24: 15, 0: 12, 46: 9, 29: 6, 8: 5, 11: 5, 14: 5, 6: 4, 40: 4, 9: 4, 10: 4, 22: 4, 4: 3, 5: 2, 1: 2, 2: 2, 3: 2, 21: 2, 20: 2, 19: 2, 15: 2, 13: 2, 49: 2, 7: 2, 36: 1, 47: 1, 48: 1, 45: 1, 44: 1, 43: 1, 42: 1, 41: 1, 39: 1, 38: 1, 37: 1, 25: 1, 35: 1, 34: 1, 33: 1, 32: 1, 31: 1, 30: 1, 28: 1, 27: 1, 26: 1, 18: 1, 17: 1, 16: 1, 12: 1, 50: 1}",0.5151750324000754
cluster_52,"[11 35  5 48  5 46  5 28 51  7  7 10 13 39 26 34 13  3 11  3 11 37  6 29
 29 29 46 10 10 49 49 10  6 46 29 46 29 24 24 24 24 24  9  6  6  9 24 29
 24  9  9 24  5 44  2  2  5 12 12 12 23 23 43 25 31 12 38 32 20 20 21 21
 47 19 41 18 36 19 46 46 46 46 46 22 22 17 11 11 11 11 42 23 23 23 23 23
 23 23 23 30 15 15 23 23  1 40 14 23 23 23 23  8  8 23 33 23 23 23 23 23
  4 16 14 40 14 23 23 22  0 14 23 11 23 23  1 23 23 23 23  8 11 11 23 27
 23 23 23 23  4 45 23 23  4 23  8 23 23 50 23 23 23 23 23 23  0 40 14 40
 23 23 23 23 23 23 23 11 23 23 23 22  8 11 11 11 23 23 11 23 23 23]","{23: 62, 11: 15, 46: 9, 24: 8, 29: 6, 14: 5, 5: 5, 8: 5, 22: 4, 12: 4, 9: 4, 10: 4, 6: 4, 40: 4, 4: 3, 19: 2, 1: 2, 21: 2, 20: 2, 0: 2, 49: 2, 13: 2, 7: 2, 3: 2, 2: 2, 15: 2, 39: 1, 43: 1, 41: 1, 42: 1, 48: 1, 44: 1, 45: 1, 47: 1, 37: 1, 50: 1, 38: 1, 26: 1, 36: 1, 35: 1, 34: 1, 33: 1, 32: 1, 31: 1, 30: 1, 28: 1, 27: 1, 25: 1, 18: 1, 17: 1, 16: 1, 51: 1}",0.5224674456763679
cluster_53,"[ 5 35  2 48  2 46  2 28 51  7  7 10 13 39 26 34 13  3  5  3  5 37  6 29
 29 29 46 10 10 49 49 10  6 46 29 46 29 24 24 24 24 24  9  6  6  9 24 29
 24  9  9 24  2 44  0  0  2 12 12 12 11 11 43 52 31 12 38 32 20 20 21 21
 47 19 41 18 36 19 46 46 46 46 46 22 22 17  5  5  5  5 42 11 11 11 11 11
 11 11 11 30 15 15 11 11  1 40 14 11 11 11 11  8  8 11 33 11 11 11 11 11
  4 16 14 40 14 11 11 22 25 14 11  5 11 11  1 11 11 11 11  8  5  5 11 27
 11 11 11 11  4 45 11 11  4 11  8 11 11 50 11 11 11 11 11 11 23 40 14 40
 11 11 11 11 11 11 11  5 11 11 11 22  8  5  5  5 11 11  5 11 11 11]","{11: 62, 5: 15, 46: 9, 24: 8, 29: 6, 2: 5, 8: 5, 14: 5, 9: 4, 40: 4, 6: 4, 22: 4, 10: 4, 12: 4, 4: 3, 0: 2, 1: 2, 20: 2, 21: 2, 49: 2, 19: 2, 3: 2, 15: 2, 13: 2, 7: 2, 44: 1, 39: 1, 41: 1, 42: 1, 43: 1, 45: 1, 37: 1, 47: 1, 51: 1, 48: 1, 50: 1, 38: 1, 26: 1, 36: 1, 35: 1, 34: 1, 33: 1, 32: 1, 31: 1, 30: 1, 28: 1, 27: 1, 25: 1, 23: 1, 18: 1, 17: 1, 16: 1, 52: 1}",0.5161026967886947
cluster_54,"[ 2 35  0 48  0 46  0 28 51  7  7 10 13 39 53 34 13  3  2  3  2 37  6 29
 29 29 46 10 10 24 24 10  6 46 29 46 29 11 11 11 11 11  9  6  6  9 11 29
 11  9  9 11  0 44 26 49  0 12 12 12  5  5 43 52 31 12 38 32 20 20 21 21
 47 19 41 18 36 19 46 46 46 46 46 22 22 17  2  2  2  2 42  5  5  5  5  5
  5  5  5 30 15 15  5  5  1 40 14  5  5  5  5  8  8  5 33  5  5  5  5  5
  4 16 14 40 14  5  5 22 25 14  5  2  5  5  1  5  5  5  5  8  2  2  5 27
  5  5  5  5  4 45  5  5  4  5  8  5  5 50  5  5  5  5  5  5 23 40 14 40
  5  5  5  5  5  5  5  2  5  5  5 22  8  2  2  2  5  5  2  5  5  5]","{5: 62, 2: 15, 46: 9, 11: 8, 29: 6, 8: 5, 0: 5, 14: 5, 9: 4, 10: 4, 12: 4, 22: 4, 40: 4, 6: 4, 4: 3, 20: 2, 1: 2, 24: 2, 21: 2, 7: 2, 19: 2, 15: 2, 3: 2, 13: 2, 41: 1, 43: 1, 44: 1, 45: 1, 42: 1, 50: 1, 47: 1, 48: 1, 49: 1, 38: 1, 51: 1, 52: 1, 39: 1, 27: 1, 37: 1, 36: 1, 35: 1, 34: 1, 33: 1, 32: 1, 31: 1, 30: 1, 28: 1, 26: 1, 25: 1, 23: 1, 18: 1, 17: 1, 16: 1, 53: 1}",0.5103609308645185
cluster_55,"[ 0 35 26 48 26 46 26 28 51  7  7 10 13 39 53 34 13  3  0  3  0 37  2 14
 14 14 46 10 10 24 24 10  2 46 14 46 14 11 11 11 11 11  9  2  2  9 11 14
 11  9  9 11 29 44 54 49 29 12 12 12  5  5 43 52 31 12 38 32 20 20 21 21
 47 19 41 18 36 19 46 46 46 46 46 22 22 17  0  0  0  0 42  5  5  5  5  5
  5  5  5 30 15 15  5  5  1 40  6  5  5  5  5  8  8  5 33  5  5  5  5  5
  4 16  6 40  6  5  5 22 25  6  5  0  5  5  1  5  5  5  5  8  0  0  5 27
  5  5  5  5  4 45  5  5  4  5  8  5  5 50  5  5  5  5  5  5 23 40  6 40
  5  5  5  5  5  5  5  0  5  5  5 22  8  0  0  0  5  5  0  5  5  5]","{5: 62, 0: 15, 46: 9, 11: 8, 14: 6, 6: 5, 8: 5, 10: 4, 22: 4, 12: 4, 40: 4, 9: 4, 2: 4, 4: 3, 26: 3, 21: 2, 29: 2, 1: 2, 7: 2, 3: 2, 24: 2, 20: 2, 13: 2, 15: 2, 19: 2, 51: 1, 49: 1, 52: 1, 53: 1, 48: 1, 39: 1, 47: 1, 50: 1, 45: 1, 44: 1, 43: 1, 42: 1, 41: 1, 27: 1, 38: 1, 37: 1, 36: 1, 35: 1, 34: 1, 33: 1, 32: 1, 31: 1, 30: 1, 28: 1, 25: 1, 23: 1, 18: 1, 17: 1, 16: 1, 54: 1}",0.5192019472019819
cluster_56,"[20 35 26 48 26 46 26 28 51  7  7 10 13 39 53 34 13  3 27  3 27 37  2 14
 14 14 46 10 10 24 24 10  2 46 14 46 14 11 11 11 11 11  4  2  2  4 11 14
 11  4  4 11 29 44 54 49 29 12 12 12  5  5 43 52 31 12 38 32  9  9 21 21
 47 19 41 18 36 19 46 46 46 46 46 22 22 17 20 20 20 20 42  5  5  5  5  5
  5  5  5 30 15 15  5  5  0 40  6  5  5  5  5  8  8  5 33  5  5  5  5  5
  1 16  6 40  6  5  5 22 25  6  5 27  5  5  0  5  5  5  5  8 27 20  5 55
  5  5  5  5  1 45  5  5  1  5  8  5  5 50  5  5  5  5  5  5 23 40  6 40
  5  5  5  5  5  5  5 27  5  5  5 22  8 20 20 20  5  5 27  5  5  5]","{5: 62, 46: 9, 20: 9, 11: 8, 14: 6, 27: 6, 6: 5, 8: 5, 10: 4, 22: 4, 12: 4, 40: 4, 4: 4, 2: 4, 1: 3, 26: 3, 29: 2, 24: 2, 21: 2, 0: 2, 19: 2, 15: 2, 13: 2, 9: 2, 7: 2, 3: 2, 52: 1, 47: 1, 42: 1, 43: 1, 44: 1, 45: 1, 49: 1, 48: 1, 53: 1, 50: 1, 54: 1, 51: 1, 41: 1, 28: 1, 39: 1, 38: 1, 37: 1, 36: 1, 35: 1, 34: 1, 33: 1, 32: 1, 31: 1, 30: 1, 25: 1, 23: 1, 18: 1, 17: 1, 16: 1, 55: 1}",0.5161594747899362
cluster_57,"[20 35 26 48 26 22 26 28 51  7  7  4 13 39 53 34 13  3 27  3 27 37  2 14
 14 14 22  4  4 24 24  4  2 22 14 22 14 11 11 11 11 11  1  2  2  1 11 14
 11  1  1 11 29 44 54 49 29 12 12 12  5  5 43 52 31 12 38 32  9  9 21 21
 47 19 41 18 36 19 22 22 22 22 22 10 10 17 20 20 20 20 42  5  5  5  5  5
  5  5  5 30 15 15  5  5 56 40  6  5  5  5  5  8  8  5 33  5  5  5  5  5
  0 16  6 40  6  5  5 10 25  6  5 27  5  5 46  5  5  5  5  8 27 20  5 55
  5  5  5  5  0 45  5  5  0  5  8  5  5 50  5  5  5  5  5  5 23 40  6 40
  5  5  5  5  5  5  5 27  5  5  5 10  8 20 20 20  5  5 27  5  5  5]","{5: 62, 20: 9, 22: 9, 11: 8, 27: 6, 14: 6, 6: 5, 8: 5, 40: 4, 2: 4, 1: 4, 4: 4, 10: 4, 12: 4, 26: 3, 0: 3, 3: 2, 19: 2, 15: 2, 21: 2, 13: 2, 24: 2, 9: 2, 7: 2, 29: 2, 48: 1, 42: 1, 43: 1, 44: 1, 45: 1, 46: 1, 47: 1, 55: 1, 49: 1, 50: 1, 54: 1, 51: 1, 52: 1, 53: 1, 41: 1, 28: 1, 39: 1, 38: 1, 37: 1, 36: 1, 35: 1, 34: 1, 33: 1, 32: 1, 31: 1, 30: 1, 25: 1, 23: 1, 18: 1, 17: 1, 16: 1, 56: 1}",0.5077372869436986
cluster_58,"[ 9 35 26 48 26 22 26 57 51  7  7  1 13 39 53 34 13  3 27  3 27 37  2 14
 14 14 22  1  1 24 24  1  2 22 14 22 14 11 11 11 11 11  0  2  2  0 11 14
 11  0  0 11 29 44 54 49 29 12 12 12  5  5 43 52 31 12 38 32  4  4 21 21
 47 19 41 18 36 19 22 22 22 22 22 10 10 17  9  9  9  9 42  5  5  5  5  5
  5  5  5 30 15 15  5  5 56 40  6  5  5  5  5  8  8  5 33  5  5  5  5  5
 20 16  6 40  6  5  5 10 25  6  5 27  5  5 46  5  5  5  5  8 27  9  5 55
  5  5  5  5 28 45  5  5 20  5  8  5  5 50  5  5  5  5  5  5 23 40  6 40
  5  5  5  5  5  5  5 27  5  5  5 10  8  9  9  9  5  5 27  5  5  5]","{5: 62, 9: 9, 22: 9, 11: 8, 14: 6, 27: 6, 6: 5, 8: 5, 10: 4, 12: 4, 0: 4, 1: 4, 40: 4, 2: 4, 26: 3, 19: 2, 24: 2, 21: 2, 20: 2, 29: 2, 3: 2, 15: 2, 13: 2, 7: 2, 4: 2, 49: 1, 43: 1, 44: 1, 45: 1, 46: 1, 47: 1, 48: 1, 18: 1, 50: 1, 51: 1, 42: 1, 53: 1, 54: 1, 55: 1, 56: 1, 52: 1, 39: 1, 41: 1, 17: 1, 38: 1, 37: 1, 36: 1, 35: 1, 34: 1, 33: 1, 32: 1, 31: 1, 30: 1, 28: 1, 25: 1, 23: 1, 16: 1, 57: 1}",0.5002074522732297
cluster_59,"[ 4 35 26 48 26 22 26 57 51  7  7  0 13 39 53 34 13  3 27  3 27 37  2 14
 14 14 22  0  0 24 24  0  2 22 14 22 14 11 11 11 11 11 40  2  2 40 11 14
 11 28 28 11 29 44 54 49 29 12 12 12  5  5 43 52 31 12 38 32  1  1 21 21
 47  9 41 18 36  9 22 22 22 22 22 10 10 17  4  4  4  4 42  5  5  5  5  5
  5  5  5 30 15 15  5  5 56 19  6  5  5  5  5  8  8  5 33  5  5  5  5  5
 20 16  6 19  6  5  5 10 25  6  5 27  5  5 46  5  5  5  5  8 27  4  5 55
  5  5  5  5 58 45  5  5 20  5  8  5  5 50  5  5  5  5  5  5 23 19  6 19
  5  5  5  5  5  5  5 27  5  5  5 10  8  4  4  4  5  5 27  5  5  5]","{5: 62, 22: 9, 4: 9, 11: 8, 14: 6, 27: 6, 6: 5, 8: 5, 0: 4, 12: 4, 10: 4, 2: 4, 19: 4, 26: 3, 20: 2, 28: 2, 1: 2, 40: 2, 24: 2, 21: 2, 29: 2, 3: 2, 15: 2, 13: 2, 9: 2, 7: 2, 50: 1, 44: 1, 45: 1, 46: 1, 47: 1, 48: 1, 49: 1, 53: 1, 51: 1, 52: 1, 42: 1, 54: 1, 55: 1, 56: 1, 57: 1, 43: 1, 18: 1, 41: 1, 17: 1, 39: 1, 38: 1, 37: 1, 36: 1, 35: 1, 34: 1, 33: 1, 32: 1, 31: 1, 30: 1, 25: 1, 16: 1, 23: 1, 58: 1}",0.5061334668286134
